actual,predicted
0.00019067374999999498,0.019793257
0.0,0.015844662
0.0,-0.00030904263
0.0,-0.0019540936
0.012397766000000005,0.029953461
0.0,0.010000393
0.0,-0.0006007552
0.0,-0.0030680075
0.01707673,0.015441161
0.0,0.014262475
0.00038137659999999685,-0.00056614727
0.0,0.01042521
0.08231166,0.024801448
0.0,0.016036421
0.0,0.00063667446
0.0,-0.0010211691
0.015641563000000004,0.009891152
0.0,0.0066264197
0.0,0.00377433
0.0,0.021669913
0.010968186000000005,0.014303222
0.0,0.01176247
0.000573694700000002,0.09194982
0.10322905,0.027039729
0.06539572,0.14013237
0.0,0.0072809756
0.0,0.0023949817
0.0,0.004518494
0.0,0.0054385215
0.0,0.0039025098
0.0,-0.0040084496
0.0,-0.009106807
0.028992072,0.0154543
0.0,0.013680916
0.00038137659999999685,0.0013697818
0.0,-0.007222064
0.10091284,0.017443027
0.0,0.032450687
0.0,0.026111707
0.0008586794000000064,0.013717942
0.11426071,0.027610995
0.0,0.020448238
0.0,0.016598877
0.0008642673500000031,0.011761732
0.056244433,0.03057519
0.0,0.031210985
0.0,0.06398422
0.0,0.38002333
0.057305936,0.5350639
0.0,0.019310903
0.008686019000000003,0.014971167
0.0,0.014151067
0.099272676,0.040400196
0.0,0.044367697
0.0,0.020001594
0.003911554999999997,0.048975527
0.19358289,0.067207694
0.0,0.049235173
0.0,0.018507998
0.001335516600000003,0.021060742
0.02307604,0.03558088
0.0,0.017057631
0.0,0.0066025257
0.0,-0.0061309636
0.020978384000000003,0.01463427
0.0,0.010239236
0.0,0.03174733
0.0,0.0050744563
0.0,0.019009769
1.3989415,0.18949634
0.0,0.067448646
0.0,0.75900507
0.01612413,0.29346785
0.2872774,0.2846399
0.0,0.25760856
0.0,0.19617948
0.0,0.06910942
0.0,0.033772096
0.0,0.01357796
0.0,0.017085452
0.0072512775999999945,0.014653675
0.0,0.0060814247
0.0,0.00921645
0.0,-0.0084569305
0.023366883000000005,0.018757973
0.0,0.014169019
0.0,0.025232434
0.0,0.053364165
0.11885166,0.12582678
0.0,0.011630587
0.0,0.004978642
0.000953441499999999,0.008955583
0.037092946,0.030480701
0.0,0.0055851787
0.0,-0.00082411617
0.0,-0.0016162619
0.01907628,0.012341276
0.0,0.012381256
0.0,0.1015332
0.0,0.003905207
0.0,0.020381514
0.0,0.013860572
0.0,0.0034433901
0.0,0.033592872
0.007441267400000007,0.027343322
0.0,0.009502709
0.0,6.0871243e-05
0.0,-0.008544102
0.0,0.01120504
0.0,0.0076131523
0.0,0.013575215
0.0,0.008002415
0.0001907756099999991,0.03367665
0.0,0.018880926
0.0,0.0028707609
0.0,0.011145338
0.0,0.010981724
0.004576043700000004,0.03311838
9.733299000000417e-05,0.07879093
0.0,0.08372085
0.11776728,0.14291847
0.0,0.05607246
0.0,0.03585975
0.07599431,-0.001504086
0.0,0.042235345
0.03384294,0.076596126
0.0,0.073992945
0.011252175000000003,0.03831782
0.0,0.06724293
0.0,0.029321127
0.0,0.00056330115
0.0,-0.0010743588
0.0008582137500000031,0.00087319314
0.0,0.0036253184
0.0,0.002912663
0.0,0.004896745
0.0,0.0039548427
0.0,0.0023651198
0.0,-0.0019164458
0.0,-0.022102699
0.0,-0.00054600835
0.0,0.0019428805
0.0,-0.00317166
0.0,-0.011073843
0.010681338999999998,0.008855253
0.0,0.011274472
0.0,-0.012986243
0.0,-0.015450224
0.0,0.0075895414
0.0,0.009412274
0.0,-0.027708933
0.0,0.0006861612
0.00038150755999999397,0.018042997
0.0,0.006296538
0.0,-0.003605552
0.0,-0.0073092356
0.0007629859999999933,0.004657291
0.0,0.006504327
0.0,-0.0060138255
0.0,-0.0031099394
0.0008577480999999998,0.010133944
0.0,0.002548121
0.0,0.0018467382
0.0,-0.0047911704
0.0,0.004919097
0.0,0.007133551
0.0,0.013968669
0.0,0.012394451
0.0,0.022484232
0.0,0.0078890845
0.0,0.0024194866
0.0,-0.004421033
0.0,-0.0043071136
0.0,0.00242161
0.0,0.0015195981
0.0,0.23270118
0.0,-0.0045734793
0.0,0.004119806
0.0,0.008253276
0.0,-0.039946854
0.0,-0.0041174144
0.0,0.0019428805
0.0,0.0031652004
0.0,-0.006969258
0.0,-0.0035379454
0.0,0.00242161
0.0,0.006877184
0.0,0.0012953207
0.0,0.003956817
0.0,0.003919214
0.0,-0.00061778724
0.0,0.0012953207
0.0,0.0045900345
0.0,0.004019104
0.0,0.0019125938
0.0,-0.010924324
0.0,0.006140664
0.0,0.0029556528
0.0,0.011689641
0.0,-0.004421033
0.0,0.0013888255
0.0,0.0023651198
0.0,0.004954055
0.0,-0.005523458
0.0,0.0046471357
0.0,0.0039757043
0.0,0.0012527555
0.0,0.0012953207
0.0,0.0010638684
0.0,0.0039757043
0.0,0.0010489821
0.0,0.00540217
0.0,-0.0014546141
0.0,0.0039757043
0.0,0.010886319
0.0,0.0022047013
0.0,0.0064785406
0.0,0.0040457174
0.0,0.00069277734
0.0005718320599999993,0.004222788
0.05521981,0.00845322
0.0,0.0053904876
0.00037997959999999664,0.010590449
9.685754999999574e-05,0.0083898455
0.008869916000000005,0.011656001
0.0,0.005581856
0.0,0.009495363
0.00018998979999999832,0.010639511
0.0,0.013393749
0.0,0.016615234
0.002957880499999996,0.06777059
0.018022954,0.035528276
0.07429209,0.08467721
0.034977093,0.024761107
0.21172397,0.06568661
0.0,0.029257245
0.0,0.04771954
0.0,0.049401656
0.0,0.056549855
0.044255573,0.044105727
0.017349072000000007,0.02528401
0.042718813,0.03566277
0.0,0.03948372
0.0,0.059488308
0.0,0.042841364
0.0,0.051962696
0.0,0.08624536
0.00019097933999999428,0.20439664
0.0,0.120106235
0.0,0.050238498
0.0,0.046682697
0.0,0.19153398
0.0,0.06769023
0.0,0.033952568
0.0,0.04270992
0.0,0.13406463
0.0,-0.0062177926
0.0,0.0040008575
0.0,0.053677924
0.0,0.14561504
0.0,-0.0043782294
0.0,0.0014404356
0.0,0.007490948
0.0,-0.005522616
0.0,-0.005089663
0.0,0.0016917586
0.0,-1.5087426e-05
0.0,-0.015517212
0.0,0.0040755942
0.0,0.0023042038
0.0,-7.63908e-05
9.534414999999574e-05,-0.008990906
0.0011454104000000048,0.011226632
0.0,0.010689169
0.0007674097999999935,0.022256661
0.05171448,0.102722004
0.9293146000000001,0.03212956
0.65197897,0.5854593
0.0,0.63526213
0.0,0.23447016
0.6898792,0.8611236
0.0,0.05142408
0.0,0.009420812
0.0003816094199999981,0.11078689
0.0,0.028534312
0.0,0.015359342
0.0,0.029365592
0.0,0.06574896
0.0,0.0046526343
0.0,0.0057414547
0.0,0.0319918
0.0,0.0061375946
0.0,-0.0026247576
0.0,0.0056612715
0.0,0.037976634
9.49949000000061e-05,0.021896333
0.054651704,0.02962125
0.0,0.027393345
0.0,0.031502496
0.0,0.037330527
0.014782308000000001,0.022443369
0.004861147999999996,0.036524415
0.0,0.056362085
0.0,0.045738295
0.03986433,0.050983887
0.0,0.05703987
0.0,0.058453247
0.0007636845000000003,0.07630874
0.2153598,0.037256744
0.0,0.027663585
0.0,0.05783794
0.0,0.030931432
0.0,0.008358881
0.0,-0.00049729645
0.0,0.04336555
0.006388873000000003,0.026006654
0.03195315,0.04249285
0.0,0.051376686
0.0,0.029488973
9.49949000000061e-05,0.025040757
0.046440355,0.029948186
0.0,0.031138796
0.0,0.030859068
0.013444573000000001,0.029969886
0.049307197,0.034570705
0.0,0.039552964
0.0,0.015488274
0.0,0.03000471
0.005913119999999994,0.03695307
0.0,0.032584112
0.0,0.029717065
0.0,0.052728184
0.0,-0.0061801597
0.0,0.0050383806
0.0,0.011949316
0.0,-0.011508845
0.0,-0.00071989
0.0,0.010540083
0.0,0.010736093
0.0,0.0029138327
0.0,0.0020878986
0.0,0.008553401
0.0,0.02441277
0.0,0.04629124
0.0,0.0029953122
0.0,0.013340533
0.0,0.121358976
0.0,0.034578785
0.0,0.00043682754
0.0,0.008458175
0.0,0.060031544
0.0,0.054436605
0.0,-0.0078069866
0.0,-0.00047427416
0.0,0.008717649
0.0,-0.002990432
0.0,0.0011623576
0.0,0.0016917586
0.0,0.013230346
0.0,0.00023493916
0.07133186,0.013631862
0.0,0.004073888
0.0,0.02300832
0.0,-0.001171276
0.009059906000000006,0.00015433133
0.0,0.050013036
0.001990826799999998,0.053467363
0.7416801500000001,0.21075186
0.0,0.13615286
0.0,0.13093941
0.0,0.31185645
0.0036254062000000004,0.34402347
0.100493886,0.21053445
0.0,0.009780258
0.030905007999999998,0.050036855
0.0,0.04895369
0.0015255064000000013,-0.0066104606
0.0015255064000000013,0.0043987855
0.0,0.021115065
0.0,0.02828984
0.008488073999999998,0.018297661
0.14705025,0.03311937
0.018425286,0.025559831
0.0,0.036588226
0.014212914,0.04276736
0.0,0.20778045
0.0,0.02805657
0.0032447277999999996,0.04514099
0.0,0.02214982
0.0,0.03680755
0.0,0.016835231
0.0,0.020961784
0.0057239084999999995,0.0067301244
0.08668564,0.015499644
0.0,0.029401958
0.0,0.043106936
0.0,0.03484392
0.0,0.01635256
0.0,0.01670542
0.0,0.0047570765
0.0,-0.0059803575
0.35774708,0.031206787
0.0,-0.002191253
0.0,0.023812875
0.000476604330000005,0.0063755065
0.0,0.189999
0.0,0.025130432
0.0,0.004952632
0.0,-0.0031208843
0.0,0.050604057
0.0,0.027840063
0.0,0.011102527
0.0,0.010942362
0.0,0.009200275
0.0,0.031084947
0.0,0.017590046
0.0,0.010488585
0.0,0.040887184
0.0,0.040018227
0.012204050999999994,0.03844864
0.0,0.02148899
0.14721975,0.0053741634
0.0,0.01917049
0.044345856,0.05735999
0.0,0.0021290258
0.1273863,0.013853177
0.0,0.0068120956
0.0,-0.0062583312
0.001335516600000003,0.017107997
0.00047497450000000274,0.022551157
0.0,-0.00500229
0.0,0.003898628
0.0,0.009100273
0.0,0.0014407635
0.0,0.018786542
0.0,-0.0040083528
0.0004768371599999932,0.011365965
0.0,0.04489696
0.0,0.021678649
0.0057220459999999945,-0.001350075
0.0,0.017201882
0.0,0.0091878325
0.0,0.01196529
0.0024810432999999993,0.011000745
0.009726733000000001,0.015399005
0.0,0.0032410622
0.0,-0.0048784167
0.0,0.02381881
0.0011455268000000046,-0.0017379522
0.0,0.007971585
0.0,0.0014389902
0.0,0.022629417
0.0024791807,0.024398316
0.0,0.01788364
0.0,0.016674299
0.00037997959999999664,0.037044976
0.015839934,0.012874424
0.0,0.031241987
0.0,-0.003569752
0.0005738837600000046,0.054874085
0.07514864,0.003853552
0.0,0.023954224
0.0,0.0059209466
0.002287328199999994,0.009166054
0.024139881000000002,0.033588912
7.823109599999767e-05,0.06819676
0.0,0.024763927
0.12208694,0.04989642
0.0,0.07324686
0.0,0.047710672
0.0,0.07047184
0.0,0.08970031
0.007823109999999994,0.035560686
0.07618964,0.061202206
0.0,0.023824893
0.0,0.019105703
0.010682543000000003,0.052790448
0.0,0.058726013
0.0,0.012124091
0.0,0.046940148
0.000286090650000001,0.031173833
0.0,0.05424167
0.0,0.08522464
0.0,0.01269193
0.0,0.00959973
0.0,0.053006046
0.0,0.057464875
0.0,0.0392001
0.0,-0.0073039234
0.015445054,0.0084139705
0.0,0.0075360686
0.0,0.0071518943
0.000667292599999994,0.011777185
0.6950679400000002,0.025154892
0.0,0.024487313
0.0,0.06417588
0.0012398232000000037,0.049296953
0.1295812,0.69087124
0.0,0.046702266
0.0,0.021001562
0.0,0.02071828
0.2911985,0.08675881
0.0,0.00085292757
0.0,0.051907755
0.027655624000000004,0.0331325
0.0,0.0839746
0.0,0.03552772
0.0,0.008458875
0.004290603000000004,-0.004355088
0.021581538000000004,0.012105115
0.0,0.031196605
0.0,0.022728547
0.00019092112999999356,0.03036068
0.043298118,0.11529763
0.0,0.03319649
0.0,0.03663555
0.004865228999999999,0.008574076
0.05198269999999999,0.046483167
0.0,0.045429923
0.0,0.026107933
0.0,-0.006428741
0.0,0.011020698
0.0,0.04372618
0.0,0.0040415972
9.543146000000335e-05,-0.0023186952
0.0,0.021940041
0.0,0.064774625
0.0,0.037104327
0.002670101800000005,0.02826456
0.08657854,0.09361327
0.0,0.043747205
0.0009532086599999962,0.06547261
0.0,0.03316377
0.3593564,0.062017407
0.0,0.056866635
0.0,0.054079656
0.007629394499999997,0.049690478
0.2143979,0.24405646
0.0,0.036827978
0.0,0.038058534
0.0,0.030021004
0.23046136,0.27448335
0.0,0.09427061
0.0,0.081243895
0.20483136,0.37562618
1.0366968,1.6872975
0.0,0.6342666
0.0,0.22313568
0.6713201,0.18465102
0.0,0.7391828
0.22011995,0.18954673
7.9155374,0.3091763
0.0,0.41237038
0.0,0.69185567
0.0,0.15905812
0.0008359626000000037,0.19834262
0.0066667106,0.16942085
0.0,0.08803766
0.0,0.024400204
0.0,0.022903848
9.534414999999574e-05,0.049196355
0.00028463546000000173,0.16322237
0.005721580199999993,0.053705312
0.0,0.032526944
0.0028605572999999967,0.036454044
0.06732391,0.33064675
0.0,0.010901257
0.0,0.067104824
0.011159107000000001,0.03786257
0.0,0.12363904
0.0,0.030355271
0.0017136335000000058,0.05219787
0.0,0.12265225
0.0,-0.023654737
0.0006705522499999977,0.021634124
0.01686811400000001,0.018350355
0.0,0.09469369
0.0,0.047464482
0.0,0.04988128
0.04214421,0.051162973
0.0,0.08613845
0.22302428,0.103946626
0.0,0.033548236
0.0,0.030753922
0.0008577480999999998,0.060064882
0.0,0.07633434
0.0,0.023361593
0.0,0.023979098
0.001238659000000003,0.05690234
0.0015255064000000013,0.072269194
0.0,0.02523943
1.0857896,0.21628967
0.0,0.14246657
0.0,0.01685679
0.0022863922999999953,0.022049535
0.9903762300000001,0.16547567
0.0,0.4926965
6.133743,0.50095123
0.0,0.020726785
0.0,0.014506016
0.0,0.20658296
0.0,0.69421595
0.0,0.01975543
0.0,0.061229806
0.0,0.023265414
0.0,0.5202707
0.0,0.043942444
0.0,0.0048615485
0.0,0.03820615
0.002294778799999994,0.21412456
0.0,0.028731152
0.0,0.004185155
0.0,0.23294502
0.024884940000000008,0.488369
0.0,0.03122506
0.0,0.0016014948
9.546056400000502e-05,0.037305642
0.0,0.35300353
0.0,0.014724404
0.0,-0.0018835738
0.0,0.003738463
0.0,0.28141168
0.0,0.0048918948
0.0,0.029523507
0.040620565,0.029610857
0.0,0.09466271
0.0,0.19326013
0.0,0.025072176
0.0036237761000000035,0.04785178
0.010485760999999996,0.21552691
0.0,0.017617226
0.0,-0.00022917241
0.0,0.029349983
0.0564456,0.13749126
0.0,0.028671958
0.0,0.024147585
0.004386529299999997,0.09219882
0.3657583,0.4033993
0.0,0.016146518
0.0,0.004875876
0.0018118881000000059,0.10681011
0.006413553000000002,0.07119079
0.1090616,0.036927477
0.1501441,0.071500264
0.0,0.25445414
1.6778336,0.8958767
0.0,0.020675525
0.0,0.04080553
0.0,0.032086674
0.0035283155999999982,0.027964812
0.0,0.014278308
0.0,0.013160132
0.0,0.0010595247
0.13006845,0.26113674
0.0,0.018148739
0.0,0.018865213
0.006102706999999999,0.05254208
0.0,0.14786139
0.15368903,0.019282203
0.0,0.018164732
0.5156897299999998,0.04617051
0.0,0.031475425
0.0004768371599999932,0.0076441616
0.0,0.012638383
0.0789538,0.03558428
0.0,0.06434832
0.03491342,0.014739487
0.0,0.0055603236
0.0,0.008686207
0.0,0.047181495
0.0,0.020635795
0.0,0.0018771738
0.0,0.010895498
0.012204050999999994,0.041055758
0.0,0.010634296
0.0,0.005441338
0.0008579808999999994,0.01186268
0.036894113,0.06875009
0.0,0.03649897
0.0,0.009577036
0.0,-0.0040283054
0.0,0.104206696
0.0,0.025388964
0.0,0.01464545
0.0025748740000000048,0.008720398
0.0,0.09884106
0.0,0.008036837
0.0,0.006473504
9.543146000000335e-05,0.005477205
0.08400672,0.03455221
0.0,0.017182164
0.0,0.029597096
0.0,-0.007356845
0.0,0.113821045
0.0,0.020065095
0.0,0.014954139
0.0,0.024133842
0.0,0.057241015
0.0,0.012326576
0.0,0.017699555
0.000381842260000001,0.005437508
0.0007636845000000003,0.033048954
0.0,0.018032033
0.0,0.010246046
0.0,0.008222699
1.8481016,0.22475386
0.0,0.0417479
0.0,0.035330746
0.01659244299999999,-0.0025991872
0.0,0.11252385
0.0,0.020125024
0.0,0.013057649
0.0012400560000000033,0.0059359446
0.5826470000000001,0.091435686
0.0,0.020566422
0.0,0.012720406
0.0,0.002495177
0.030614435999999995,0.4091844
0.0,0.02022278
0.0,0.027222186
0.0,-0.0007361695
0.012576580000000004,0.06920912
0.0,0.0021481887
0.0,0.003709063
0.0,0.005125709
0.095553696,0.046542082
0.0,-0.002019301
0.0,0.009384878
0.0,0.0077461153
0.031176955,0.04371289
0.0,0.019863855
0.0,0.006817043
0.2041012,0.023239002
0.0,0.06879069
0.0,0.008927628
0.0,0.006794296
0.0,0.00981921
0.0,0.043673147
0.0,0.013123147
0.019451602999999998,0.0065785274
0.0,0.006178461
0.06931648,0.08177144
0.0,0.014211893
0.0,0.005760975
0.0,0.0052797496
0.00019371510000000536,0.052078657
0.0,0.006241441
0.0,0.016475007
0.0,0.010617986
0.0,0.06651463
0.0,0.006119445
0.0,0.0011589602
0.0,0.003253065
0.82084537,0.046349317
0.0,-0.0035855845
0.0,0.0022789016
0.0,0.0015967935
1.8626451000064437e-06,0.06208497
0.0,0.006410636
0.0,0.009114534
0.0027655624000000045,0.0057155862
0.078110486,0.10780514
0.0,0.055387195
0.0,0.004308656
0.006866408500000004,0.0073709264
0.015825265999999998,0.29970542
0.0,0.010626875
0.08211844,0.06371436
0.0,0.017488882
0.06922986,0.27709994
0.0,0.04570941
0.0,0.009172894
0.000572181300000002,0.009550512
0.4548073,0.01890143
0.0,0.025976036
0.0,0.012858756
0.0,0.023241099
0.0,0.28976503
0.0,0.014572091
0.0,0.016024645
0.0,0.011382341
0.15473366,0.14964998
0.0,0.033259645
0.0,0.0112296045
0.0007628113999999936,0.0102433115
0.06957067,0.0321136
0.0,0.018407956
0.0,0.063123465
0.00038143479999999674,-0.0063977465
0.0,0.32934093
0.019073485999999994,0.016209714
0.0,0.014070656
0.00038021243999999954,0.002746202
0.016599660000000002,0.0395441
0.0,0.018531352
0.0,0.01049076
0.5458413,0.20280579
0.0,0.023125447
0.27523809999999993,0.4126444
0.0,0.09351981
0.0,0.053046778
0.0,0.059779085
0.44884092,0.028989226
0.0,0.019860663
0.004574656499999996,0.10167803
0.021150526000000003,0.11695698
0.6179864000000002,0.13287468
0.0,0.015933927
0.0,0.008272134
0.0,0.043438394
0.016018748000000006,0.015829004
0.21781927,0.02063774
0.0,0.020125467
0.0,0.04484538
0.09538233,0.026720885
0.0,0.013481002
0.0,0.011707053
0.0015273690000000006,0.07904029
0.0,0.009170033
0.0,0.005907424
0.0,0.0109483525
0.0,0.012204587
0.0015199184000000004,0.003569156
0.0015320256000000004,0.013043813
0.0,0.00208845
0.02021765999999999,0.032347493
0.37392956,0.06870668
0.0,0.03621805
0.0,-0.021606825
0.01336634200000001,0.16228688
0.0,0.012058459
0.0,0.007417403
0.0,0.01250492
0.00038137659999999685,0.02361831
0.0,0.009399354
0.0,-0.0030981004
0.0,0.011124812
0.0,0.0009112805
0.0,0.0074825585
0.0,0.004611023
0.0,0.01586765
0.006960704999999998,0.010782823
0.0,0.0027020946
0.0,0.005806379
0.00019067374999999498,0.0059948564
0.12891299,0.060592525
0.0,0.045212105
0.0,0.13654073
0.019165686999999994,-0.0015800446
0.008103438000000004,0.18699346
0.0,0.042883128
0.0,0.05970975
0.037099082,0.042857055
0.019692036999999996,0.13111264
0.0,0.09129597
0.38417515,0.04430219
0.0,0.049799718
0.26409227,0.40117306
0.0,0.1481829
0.0,0.21446383
0.0,-0.018588841
1.2077093,0.4152587
0.0,0.13449408
0.92032534,0.080197655
0.0,0.2084853
2.3473248,1.1709176
0.0,0.114820555
0.0,0.029226087
0.012490898,0.058084115
0.0,0.6107446
0.0,0.07978439
0.0,0.004868202
0.006674322999999996,0.04525765
0.23321947,0.037367437
0.0,0.038840503
0.0,0.004566036
0.010012922000000007,0.02942742
0.22280282,0.33134475
0.0,0.05134797
0.07951233,0.060989935
0.0,0.049517073
0.0,0.23427153
0.042647123,0.061219893
0.0,0.10416947
0.057116967,0.059094064
0.0,0.26908424
0.0,0.051700667
0.0,0.08756743
0.004954635999999998,0.08814419
0.10661036,0.82232904
0.0,0.12416305
0.0,0.0345601
0.0,0.043614764
0.0,-0.027231365
0.0,0.016641986
0.026315450000000004,0.012205362
0.0,0.011270337
0.0004718456199999943,0.0571628
0.08620122,0.020830903
0.0,0.026042137
0.0,0.00014720112
0.031858683,0.04291771
0.0,0.01583124
0.0,0.02104631
0.0,0.004959017
0.014221639000000008,0.052370045
0.0,0.012866847
0.030133873,0.023741037
0.0,-0.0021237433
0.05256012,0.041982856
0.0,0.023172986
0.0,0.02413797
0.04997765600000001,0.04099946
0.0,0.04221334
0.0,0.03749095
0.0,0.014640871
0.0,0.009359725
0.0,0.04178097
0.0,0.007407427
0.0,0.0027841553
0.0,-0.006287195
0.0,0.0116853565
0.0,-0.00031626225
0.0,0.0048259944
0.0,-0.0012369081
0.0,0.0063763857
0.0,-0.002100557
0.0,-0.003342852
0.0,-0.0015312582
0.0,0.004095532
0.015641563000000004,0.014156587
0.024502166,-0.001679793
0.0,0.008185536
0.47519779999999995,0.050580204
0.0,0.35998458
0.0,0.08265595
0.008963048000000001,0.12626489
0.01899153,0.49315998
0.0,0.018137123
0.0,0.010059319
0.0,-0.006735459
0.0020023435000000034,-0.016035274
0.0,0.005641289
0.0,0.0012391284
0.0,-0.00047308207
0.0,0.020543065
0.0,0.043792315
0.0,0.061936334
0.0,0.0012041926
0.0,0.057754535
0.0,0.008863658
0.0,0.013625052
0.0,0.0076505914
0.0,0.030142516
0.02686973,0.016045265
0.0,0.0059813485
0.009248033000000003,0.013353802
0.0057127327000000006,0.043556597
0.0,0.03593951
0.0,0.007683456
0.0,0.0039916337
0.008679926000000004,0.032973472
0.0,0.00553485
0.0,0.0035435185
0.0,-0.0002927482
0.17148256,0.015607387
0.0,0.0060645044
0.0,0.003839992
9.458744999746305e-08,0.010718323
0.002479086199999994,0.058557384
0.0018109567000000049,0.04406753
0.0,0.019789726
0.0041003805,0.004321642
0.38923067,0.014616024
0.0,0.021246318
0.0,0.010127075
0.0,0.014666151
0.012207776000000004,0.04995044
0.0,0.027887039
0.0,0.012839556
0.0,0.008338779
0.051021576,0.04388537
0.0,0.0038245693
0.0,0.010971971
0.0,-0.0019488707
0.0,0.07830214
0.0,0.009957813
0.0,0.006448567
0.006387941499999994,-0.0055285543
0.0029550864999999954,0.051710673
0.004194676999999994,0.003985457
0.0,0.0012717769
0.010774471000000008,0.0030892417
0.02299156,0.066015065
0.0,0.08095612
0.008955597999999995,0.01037284
0.01717358800000001,0.057565734
1.2898221,0.2646322
0.0,0.09080706
0.048547983,0.057596512
0.0,0.018015914
0.43136442,0.69888616
0.10262126,0.0788368
0.0,0.022551216
0.002287328199999994,0.0015681908
0.009723008000000005,0.10107195
0.48807263000000006,0.030157767
0.0,0.04372865
0.045008957,0.03233678
0.47829002,0.3607192
0.0,0.09996971
0.0,0.049402397
0.0,0.01565069
0.3768874,0.28591344
0.0,0.14693105
0.0,0.08503019
0.02794154,0.21732882
0.0,0.1481733
0.0,0.041753065
0.0,0.0066641048
0.0026696362000000057,0.007014565
0.0,0.15851712
0.04119333,0.075055
0.0,0.0063855946
0.0005720649000000022,0.011130571
0.0,0.04283953
0.0,0.0700224
0.0,0.011103854
0.00038137659999999685,-0.0003816858
0.0,0.1636402
0.0,0.042841118
0.0,0.021143697
0.0014319084999999954,0.015826624
2.1426067,0.57131433
0.0,0.07296518
0.0,0.055504784
0.18377094,0.07208517
0.0,0.64745164
0.0,0.055597804
0.0,0.047755666
0.101946294,0.073846914
5.397178,1.078586
0.0,0.15695563
0.99014395,0.15932125
0.0,0.24778438
0.0,0.5123212
0.0,0.15917146
0.32567978,0.37333822
0.0,0.09482614
0.3175249,0.3241322
0.0,0.042923182
0.0,0.04418109
0.000381842260000001,0.039878346
0.0,0.35141918
0.029385826999999996,0.037565287
0.06914065,0.029018506
0.0,0.062226918
1.2508035,0.6708948
0.0,0.047835812
0.0,0.0062829256
0.004197005000000004,0.048071347
0.0,0.16286477
0.0,0.019352656
0.0,0.007703036
0.0,0.0219034
0.0041127205,0.120595925
0.0,0.103492595
0.0,0.0113105625
0.0,0.0007000938
1.3409137,1.0961754
0.0,0.092964366
0.0,0.24610722
0.0,0.01966723
0.0,0.04061107
0.0,0.0061613694
0.0,0.035335045
0.0,0.009382695
0.003719475,0.017033678
0.0,0.0146225095
0.0,0.01595094
0.00038137659999999685,0.00044055283
0.0,0.073771924
0.0,0.0063791126
0.0,0.0140744
9.49949000000061e-05,0.0030311868
0.0,0.018415835
0.0,0.015740909
0.0,0.02157265
0.0,0.00966391
0.0,0.04244803
0.0,0.012946121
0.0,0.0114020705
0.0,0.0075983778
0.0,0.099790886
0.004292465699999998,0.018660236
0.0,0.0020208359
0.0,0.010806158
0.0,0.056213997
0.0,0.022923354
0.0,0.04101064
0.06780587,0.06853891
0.0,-0.0063685253
0.0027641654000000043,0.13680728
0.06715208,0.07154831
0.19215047,0.08554143
0.0,0.22386056
0.0,0.2056945
0.0,0.004133396
0.0035287811999999974,-0.0019835383
0.04462339,-0.0024918467
0.0,0.014649574
0.0,0.010635763
0.021075829999999997,0.02412057
0.16483106,0.075303875
0.0,0.087966405
0.014689532999999998,0.09573136
0.043574005,0.070210546
0.29742718,0.078788005
0.0,0.04832934
0.0015199184000000004,0.03256207
0.0751512,0.12209378
0.13749954,0.1089405
0.0,0.06952356
0.0,0.04192343
0.029851484999999997,0.010973513
0.0,0.10254325
1.6016513,0.06319348
0.0,0.04387999
0.04710433,0.043489926
0.0,0.1521031
0.5039087500000001,0.04650944
0.0,0.048427463
0.020027160000000002,0.047052953
0.0,0.033247292
1.6730593,0.061788514
0.0,0.0462137
0.0,0.031687275
0.0,0.053059697
0.0,0.035404533
0.1202462,0.044394318
0.0,0.019256245
0.13690382,0.052057214
0.4088325,0.09331151
0.0,0.14599182
0.053797398,0.09713852
0.0,0.14529976
0.013537054999999992,0.2668404
0.35921288,0.19135946
0.54830736,0.21879223
0.6231145,0.88511705
0.0,0.23048142
0.15207778,0.5345179
0.0,0.15033457
0.0,0.3745505
0.44981119999999997,0.19492045
0.6325369000000001,0.219132
0.11259258,0.35537675
0.0,0.93730015
0.0,0.16284537
0.0,0.118526034
0.7449109,0.071580045
0.0,0.33509177
2.9613476,0.11046327
0.0,0.18594027
0.34655115,0.11887129
0.10048175,0.8942853
0.0,0.070500866
0.38726667,0.16801575
0.04067138,0.32388645
0.0,1.9634871
0.0,0.37345952
0.34147292,0.35273153
1.1808498,0.31699422
0.0,0.64522314
0.2314527,0.16416384
2.2746685,0.91947544
0.0,1.0391153
0.0,0.5187718
0.0009546056399999947,0.087231874
0.00017881392999999357,0.08029857
0.021465319999999996,0.12397401
0.0,0.43154868
0.0,0.031863153
0.006102025499999997,0.095592566
0.0,0.063073605
0.022113323000000004,0.41543683
0.0,0.23015976
0.012587756000000005,0.08505781
0.009435351999999994,0.10715148
0.0,0.06140455
0.0,0.07805513
0.0,0.10103379
0.006586313199999999,0.17625463
0.0,0.24489486
0.0,0.09066951
0.00028312206000000173,0.21399829
0.012114644000000008,0.23748511
0.0,0.26965955
0.07020682,0.258995
0.0,0.17538586
0.0,0.09391101
0.0,0.09998157
0.0,0.04691677
0.0,0.002203904
0.006103189699999997,0.00012272596
0.0,0.04014756
0.00037997959999999664,0.023770623
0.0,0.01145491
0.0,-0.0051971227
0.0,0.006852478
0.0,0.008064657
0.0,0.009827614
0.0,-0.006401859
0.0,-0.005704969
0.0,0.018048905
0.0,0.014763273
0.0,-0.0006053299
0.0,0.035440393
0.0,0.021389939
0.0,0.017856948
0.0,0.0022477955
0.0,0.048150897
0.0,0.050689675
0.0,0.015788868
0.0007627531999999937,0.057473585
0.0685798,-0.024901941
0.0,0.04611558
0.0,0.017049115
0.0,0.025370695
0.0,0.28592116
0.0,0.10836989
0.0,0.065788455
0.008486210999999994,0.039437164
0.014021992999999996,0.3799607
0.032417476,0.060257133
0.007063150399999996,0.060020126
0.0,0.09038854
0.085273534,1.4379605
0.03734231,0.45735258
0.0,0.20608795
0.07946563,0.13861391
0.0,0.05689002
0.0,0.042078163
0.0,0.028096568
0.050636955,0.0048967004
0.0,0.003666751
0.0,0.0146588385
0.0,-0.0067749247
0.021933577999999995,0.0044266507
0.0,-0.0022330806
0.0,-0.003925413
0.0,-0.006281875
0.001143664099999997,-0.0034995675
0.0,0.0048750117
0.0,0.048363537
0.021557572999999997,0.03286403
0.018204536,0.023537062
0.0,0.018395934
0.0,0.043820597
0.06229183,0.020111702
0.0010252520000000043,0.045901284
0.0,0.05428055
0.0,0.027262326
0.013074246999999997,0.04567019
0.07955793,0.06604723
0.0,0.031128772
0.11711785,0.018688135
0.0,0.019699562
0.09621587,0.048431657
0.0,0.0054551214
0.0,-0.005953938
0.0,-0.0024051815
0.0,0.03548311
0.12606382,0.024946682
1.3174564,0.0134836845
0.0,0.04803718
0.15800129,0.027761254
0.37937462,0.17225952
0.0009602904299999965,0.32926485
0.33424485,0.32734743
0.2804976,0.55552125
0.0,-0.0002714023
0.0,0.33149573
0.16073702,0.4317127
0.0,0.6876041
1.2509828,0.17542809
0.0,0.32253283
0.0,0.21477309
0.037857905,0.1893256
0.0,0.031811267
0.0,0.0036435574
0.0,0.0054611415
0.0042021275,0.0056409165
0.002384185799999994,0.046611458
0.0,0.006335579
0.018320978,0.0073394626
0.14703542,0.065551996
0.09959823,0.083918236
0.057652205,0.24030027
0.0,0.33174428
0.12167364,0.37540475
0.0,0.20510465
0.005161360000000004,0.15665953
0.1637621,0.33778486
0.0,0.4743389
0.102245,0.223353
0.0,0.094847396
0.37324414,0.6578906
0.47549802,0.42580253
0.0,0.49542296
0.0,0.03879446
0.012590155000000006,0.2415528
0.04233769,0.09243624
0.0,0.03389459
0.0,0.08685659
0.0,0.14595217
0.061146732,0.039510272
0.0,0.039224852
0.0,0.076823115
0.0,0.08597292
0.015452445999999995,0.017613545
0.0,0.02520141
0.0,0.038960263
0.22506714,0.096468665
0.7999632400000001,0.15387326
0.0,0.1177848
1.1818035,0.5081499
2.0099237,0.8446294
1.4359484,0.30948666
1.0958905,0.30895668
0.0,0.54766595
0.0,0.4453545
0.0,0.1663524
0.18079297,-0.019967042
0.0,0.34621117
0.0,0.18777919
0.017736106999999994,0.10824586
0.0,0.087797135
0.0,0.096017405
0.20603836,0.09076293
0.0,0.102069885
0.40479946,0.27299565
0.0,0.14660832
0.0,0.16477478
0.23499697,0.33759317
0.0,0.5528459
0.059856102,0.22930935
0.0,0.07906293
0.044341393,0.27185038
0.0,0.18181938
0.015456571000000002,0.037117768
0.20778774,0.07121529
0.81561244,0.11903155
0.0,0.102930084
0.068387136,0.09210443
0.020967661999999998,0.09016325
0.0,0.09227958
0.18110473,0.080036074
0.0,0.06305837
0.0,0.014671817
0.1639623,0.045654777
0.0,0.03370642
0.0,0.034257513
0.0,0.007872537
0.00019092112999999356,0.025510516
0.0,0.009653166
0.0,0.0027867109
0.001132488299999998,0.00807073
0.45594573,0.029380627
0.0,0.073184
0.0,0.07984294
0.0005960464499999985,0.03828264
0.0010430812999999983,0.02561162
0.0,0.014900882
0.0,0.014698714
0.0,0.004261397
0.0,0.013073772
0.0,0.012626477
0.0,-0.0036507547
0.0,0.004950255
0.0017136335000000058,0.0062175393
0.0,0.020472664
0.0,0.013792645
0.0,0.0059012324
9.534414999999574e-05,0.0066669807
0.0,0.005456604
0.0,-0.00032616407
0.0,-0.00894656
0.0,-0.001231581
0.0,0.0061226413
0.0,-0.0035682246
0.0,-0.0025557727
9.546056400000502e-05,0.001884535
0.0,0.009588465
0.0,0.026381299
0.10496378,0.014870629
0.0,0.03846507
0.012780531999999997,0.15397784
0.0,0.38944787
0.15733993,0.08919882
0.1672711,0.1362649
0.0,0.059913874
0.0,0.06897934
0.0,0.050351135
0.0,0.023642413
0.0,0.021798052
0.0,0.009655081
0.0,0.016073372
0.0007628987000000004,0.03466994
0.0,0.018574718
0.0,0.058230005
0.0,0.0115235895
0.0,0.014116
0.0,0.0056009814
0.0,0.0028975904
0.0,-0.0060830116
0.0,0.005774051
0.0,0.004568547
0.0,-0.0021505356
0.0,-0.0024162084
0.0,0.021791298
0.0,0.012991957
0.0,-0.0075991377
0.0,0.00306613
0.001147389400000004,0.018447638
0.0,0.010893375
0.0,-0.0021905228
0.0,-0.0037962273
0.0,0.0024727434
0.0,0.0037477016
0.0,-0.006639108
0.0,-0.008990906
9.49949000000061e-05,-0.0021281242
0.008868054,0.0135404095
0.0030510128000000025,0.006745033
0.0,0.027658042
0.059033737,0.04763496
0.0,0.016668923
0.0,0.016482867
0.0,0.00853771
0.007058959500000003,0.017046556
0.0,0.0045097694
0.0,-0.00353536
0.0,-0.0066914037
0.0,0.00050254166
0.0,0.011520162
0.0,-0.0023017153
0.0,-0.0020736903
0.0,0.0070934594
0.0,0.01107797
0.0,-0.006082572
0.0,-0.006002553
0.0,-0.0024964586
0.0,0.003833577
0.0,-0.0032275468
0.0021010637000000026,-0.0034266561
0.020494723999999992,0.020959664
0.5153408,0.05518051
0.0,0.0048275813
